departement;code_postal;commune;geocodage_x_GPS;geocodage_y_GPS
1;1100;Oyonnax;5.65241071;46.2538898
1;1000;Bourg-en-Bresse;5.22517643;46.20676468
2;2400;Château-Thierry;3.38927094;49.04801921
2;2000;Laon;3.62633491;49.56982361
2;2100;Saint-Quentin;3.29671879;49.84262881
2;2200;Soissons;3.32305622;49.38573841
2;2700;Tergnier;3.29299764;49.65555538
3;3100;Montluçon;2.59599273;46.34081015
3;3000;Moulins;3.32743809;46.56800268
3;3200;Vichy;3.42401274;46.12779466
4;4000;Digne-les-Bains;6.23499689;44.09321411
4;4100;Manosque;5.78616988;43.83295915
5;5100;Briançon;6.63800505;44.89787608
5;5000;Gap;6.08096577;44.560405
6;6600;Antibes;7.11988475;43.57987588
6;6240;Beausoleil;7.42510061;43.74291348
6;6800;Cagnes-sur-Mer;7.15040689;43.65602164
6;6400;Cannes;7.01669032;43.55402931
6;6150;Cannes La Bocca;6.97951402;43.5495393
6;6130;Grasse;6.92263861;43.65051036
6;6110;Le Cannet;7.01611259;43.57309944
6;6500;Menton;7.4983561;43.7749352
6;6000;Nice;7.27266282;43.70361279
6;6300;Nice;7.30516396;43.73791788
6;6200;Nice;7.20479974;43.67797918
6;6190;Roquebrune-Cap-Martin;7.47069745;43.76096281
6;6700;Saint-Laurent-du-Var;7.19351514;43.67178022
6;6220;Vallauris;7.04851819;43.57512797
6;6230;Villefranche-sur-Mer;7.30998958;43.70526304
7;7200;Aubenas;4.39427863;44.61589218
7;7500;Guilherand-Granges;4.87019144;44.93242653
7;7000;Privas;4.60200224;44.73422364
8;8000;Charleville-Mézières;4.72276131;49.76979477
8;8200;Sedan;4.94428083;49.7021932
9;9000;Foix;1.60409791;42.9629243
9;9100;Pamiers;1.61451272;43.11491596
10;10600;La Chapelle-Saint-Luc;4.03863165;48.30798776
10;10000;Troyes;4.07340142;48.28937242
10;10000;Troyes;4.08220107;48.26970878
10;10000;Troyes;4.09540141;48.30413572
11;11000;Carcassonne;2.35196449;43.21079196
11;11100;Narbonne;3.00854518;43.18421118
12;12300;Decazeville;2.25389448;44.55925637
12;12100;Millau;3.07598923;44.10038662
12;12000;Rodez;2.57737286;44.34963473
13;13100;Aix-en-Provence;5.43825923;43.5236825
13;13190;Allauch;5.48500211;43.35502523
13;13200;Arles;4.63192067;43.67479047
13;13400;Aubagne;5.56679635;43.29510206
13;13800;Istres;4.98931592;43.50261666
13;13170;Les Pennes-Mirabeau;5.35076299;43.37972046
13;13700;Marignane;5.21899007;43.41241871
13;13010;Marseille;5.40895921;43.28303253
13;13011;Marseille;5.46638383;43.28714282
13;13012;Marseille;5.42752712;43.31029046
13;13013;Marseille;5.40775681;43.31972368
13;13014;Marseille;5.39900634;43.33104945
13;13015;Marseille;5.371244;43.34225568
13;13016;Marseille;5.31746811;43.36274481
13;13001;Marseille;5.38078815;43.29737911
13;13002;Marseille;5.36655373;43.30261082
13;13003;Marseille;5.37416292;43.31772323
13;13004;Marseille;5.40012615;43.30787379
13;13005;Marseille;5.40354573;43.29259561
13;13006;Marseille;5.38075738;43.29098347
13;13007;Marseille;5.35653422;43.28988834
13;13008;Marseille;5.39045393;43.25106309
13;13009;Marseille;5.40169368;43.24841617
13;13500;Martigues;5.04690615;43.40618143
13;13140;Miramas;4.99979305;43.57939508
13;13380;Plan-de-Cuques;5.46404925;43.34277557
13;13110;Port-de-Bouc;4.98366285;43.40642719
13;13300;Salon-de-Provence;5.09827001;43.6541907
13;13240;Septèmes-les-Vallons;5.36670592;43.3923575
13;13150;Tarascon;4.65946243;43.80196896
13;13127;Vitrolles;5.25523978;43.43857498
13;13600;La Ciotat;5.60594466;43.1712108
14;14600;Honfleur;0.23644285;49.41779669
14;14000;Caen;-0.37868659;49.18678016
14;14000;Caen;-0.39556445;49.19093786
14;14000;Caen;-0.36043273;49.1790711
14;14650;Carpiquet;-0.44386044;49.18372895
14;14800;Deauville;0.08052979;49.35993153
14;14160;Dives-sur-Mer;-0.10061196;49.28803042
14;14200;Hérouville-Saint-Clair;-0.32961008;49.20481098
14;14100;Lisieux;0.22428478;49.14261917
14;14120;Mondeville;-0.3260116;49.17339815
15;15000;Aurillac;2.44411447;44.92541118
16;16000;Angoulême;0.16278064;45.64919285
16;16000;Angoulême;0.12588857;45.65007178
16;16800;Soyaux;0.18579442;45.64795527
16;16100;Cognac;-0.32446423;45.69553846
17;17000;La-Rochelle;-1.15239298;46.16280858
17;17000;La-Rochelle;-1.1832008;46.16636068
17;17180;Périgny;-1.09834749;46.15682297
17;17300;Rochefort;-0.95964815;45.93449333
17;17200;Royan;-1.03217756;45.62387226
17;17100;Saintes;-0.63665107;45.74684467
18;18000;Bourges;2.38426052;47.09090943
18;18100;Vierzon;2.06490873;47.22345899
19;19200;Ussel;2.31016055;45.54694379
19;19100;Brive-la-Gaillarde;1.53483085;45.16060784
19;19000;Tulle;1.76609559;45.26373636
21;21200;Beaune;4.83491724;47.01778626
21;21000;Dijon;5.03373884;47.31585337
22;22300;Lannion;-3.45162852;48.73164878
22;22000;Saint-Brieuc;-2.75713787;48.50952915
23;23000;Guéret;1.8711253;46.16837716
24;24100;Bergerac;0.49455593;44.85463516
24;24000;Périgueux;0.71608543;45.18621573
25;25000;Besançon;6.02116423;47.23257512
25;25200;Montbéliard;6.79777675;47.51160281
25;25300;Pontarlier;6.35396286;46.9012994
26;26200;Montélimar;4.74917156;44.56628432
26;26100;Romans-sur-Isère;5.04411984;45.04352983
26;26000;Valence;4.89270136;44.93424848
27;27000;Évreux;1.1408737;49.02675323
27;27000;Évreux;1.15032916;49.02763936
27;27400;Louviers;1.16728977;49.21386377
27;27100;Val-de-Reuil;1.21176766;49.27284435
27;27200;Vernon;1.47562229;49.09729059
28;28000;Chartres;1.47953943;48.43627982
28;28100;Dreux;1.36178993;48.73456173
29;29200;Brest;-4.48697183;48.38889008
29;29200;Brest;-4.50843166;48.40466575
29;29200;Brest;-4.47978912;48.39535565
29;29200;Brest;-4.49209043;48.41410668
29;29200;Brest;-4.51645184;48.38286349
29;29900;Concarneau;-3.91868797;47.87436415
29;29600;Morlaix;-3.83142001;48.58119307
29;29600;Saint-Martin-des-Champs;-3.84454198;48.5748582
29;29000;Quimper;-4.09976601;47.99451952
29;29000;Quimper;-4.09780173;48.00385017
29;29000;Quimper;-4.08406459;47.98672881
29;29000;Quimper;-4.12916485;47.98748406
2A;20000;Ajaccio;8.73629616;41.91902001
2B;20200;Bastia;9.45338506;42.70438367
30;30100;Alès;4.07753202;44.12702923
30;30200;Bagnols-sur-Cèze;4.61777349;44.16250631
30;30000;Nîmes;4.36146057;43.82618837
30;30000;Nîmes;4.38562796;43.8423686
30;30000;Nîmes;4.32853582;43.82927688
30;30400;Villeneuve-lès-Avignon;4.79468282;43.96755962
31;31700;Blagnac;1.38484823;43.63768467
31;31770;Colomiers;1.33531889;43.61082251
31;31800;Saint-Gaudens;0.72177188;43.10982402
31;31000;Toulouse;1.43350095;43.61520061
31;31000;Toulouse;1.41222741;43.5800493
31;31000;Toulouse;1.45069738;43.60164371
31;31000;Toulouse;1.46261458;43.61103367
31;31000;Toulouse;1.40002876;43.56588991
31;31000;Toulouse;1.43337563;43.63386972
31;31000;Toulouse;1.48378085;43.57922179
31;31000;Toulouse;1.43161328;43.59709327
31;31000;Toulouse;1.45463525;43.57081958
31;31170;Tournefeuille;1.34675958;43.58602221
32;32000;Auch;0.58615491;43.64656926
33;33120;Arcachon;-1.16096688;44.65828076
33;33320;Eysines;-0.64781326;44.88319786
33;33000;Bordeaux;-0.58881265;44.83504476
33;33130;Bègles;-0.54303303;44.80540999
33;33150;Cenon;-0.51661026;44.85380224
33;33110;Le-Bouscat;-0.59558097;44.86629138
33;33700;Mérignac;-0.64665073;44.84212124
33;33600;Pessac;-0.66917104;44.79448798
33;33400;Talence;-0.59134115;44.81594729
34;34300;Agde;3.47466585;43.31240959
34;34500;Béziers;3.21776361;43.34548693
34;34500;Béziers;3.21587865;43.34463991
34;34110;Frontignan;3.75369483;43.44689201
34;34970;Lattes;3.90621715;43.571021
34;34000;Montpellier;3.89221969;43.60370805
34;34000;Montpellier;3.85988779;43.61153256
34;34000;Montpellier;3.81652803;43.62385305
34;34200;Sète;3.69461482;43.40900569
35;35300;Fougères;-1.19611995;48.35008743
35;35000;Rennes;-1.69028272;48.10213011
35;35400;Saint-Malo;-2.00670642;48.65360423
36;36000;Châteauroux;1.68750457;46.80710276
37;37300;Joué-lès-Tours;0.66215609;47.35170286
37;37000;Tours;0.68600897;47.39157675
38;38130;Échirolles;5.71777613;45.14993121
38;38300;Bourgoin-Jallieu;5.26868936;45.59630798
38;38600;Fontaine;5.68747215;45.19321662
38;38000;Grenoble;5.73658157;45.1930086
38;38000;Grenoble;5.7305681;45.16654917
38;38400;Saint-Martin-d'Hères;5.75623264;45.1775874
38;38200;Vienne;4.87413207;45.52131881
38;38500;Voiron;5.59076993;45.36218635
39;39100;Dole;5.49587841;47.09477036
39;39000;Lons-le-Saunier;5.5589486;46.67140427
40;40100;Dax;-1.05139205;43.71034538
40;40000;Mont-de-Marsan;-0.50292428;43.88925676
41;41000;Blois;1.34186706;47.58996236
41;41000;Blois;1.30900143;47.59509785
41;41100;Vendôme;1.06814053;47.79571661
41;41350;Vineuil;1.37559807;47.58580604
42;42300;Roanne;4.0744471;46.03226657
42;42000;Saint-Étienne;4.40876174;45.42353245
42;42700;Firminy;4.28675831;45.39090102
42;42800;Rive-de-Gier;4.61002963;45.52566799
43;43000;Le-Puy-en-Velay;3.88687013;45.03989191
44;44000;Nantes;-1.55179793;47.2275616
44;44700;Orvault;-1.59718061;47.2535418
44;44400;Rezé;-1.55604449;47.18582176
44;44600;Saint-Nazaire;-2.21352565;47.2743513
44;44800;Saint-Herblain;-1.64823776;47.21381718
44;44500;La-Baule-Escoublac;-2.39027429;47.28843876
45;45160;Olivet;1.90196536;47.87627333
45;45000;Orléans;1.88897951;47.90663761
45;45000;Orléans;1.92893581;47.91264163
45;45000;Orléans;1.93431054;47.83686037
45;45400;Fleury-les-Aubrais;1.91228423;47.93622477
45;45200;Montargis;2.72954129;48.0009477
45;45800;Saint-Jean-de-Braye;1.97045537;47.9106003
45;45140;Saint-Jean-de-la-Ruelle;1.87166308;47.90773582
46;46000;Cahors;1.43899852;44.45139263
47;47000;Agen;0.61221168;44.20021515
47;47300;Villeneuve-sur-Lot;0.70626283;44.40885593
48;48000;Mende;3.49971007;44.51513654
49;49000;Angers;-0.55253004;47.46329785
49;49000;Angers;-0.5632143;47.44840247
49;49000;Angers;-0.5726661;47.47379024
49;49000;Angers;-0.52568817;47.48724284
49;49300;Cholet;-0.86886158;47.05156404
49;49300;Cholet;-0.8908898;47.04695652
49;49400;Saumur;-0.07753873;47.24122959
50;50100;Cherbourg-Octeville;-1.61871701;49.63895433
50;50200;Coutances;-1.44302899;49.04905502
50;50400;Granville;-1.60186687;48.8368863
50;50000;Saint-Lô;-1.09286616;49.11721477
51;51200;Épernay;3.95785091;49.04209643
51;51000;Châlons-en-Champagne;4.36015831;48.96036481
51;51100;Reims;4.02155811;49.25588329
51;51450;Bétheny;4.05116574;49.27236893
51;51100;Reims;4.03662322;49.22663521
51;51100;Reims;4.00522243;49.24490623
51;51100;Reims;4.06042956;49.25555241
51;51100;Reims;4.02038437;49.27119382
51;51430;Tinqueux;3.99175188;49.24736764
52;52000;Chaumont;5.14013725;48.11534936
52;52100;Saint-Dizier;4.96228153;48.63978577
53;53000;Laval;-0.77729077;48.06463465
54;54150;Briey;5.94178032;49.25655259
54;54800;Conflans-en-Jarnisy;5.86152393;49.16665097
54;54110;Dombasle-sur-Meurthe;6.35315741;48.62010649
54;54520;Laxou;6.14477552;48.67945421
54;54400;Longwy;5.76609885;49.51800618
54;54300;Lunéville;6.49925545;48.59288568
54;54000;Nancy;6.19464481;48.68771882
54;54000;Nancy;6.17234272;48.68952893
54;54700;Pont-à-Mousson;6.0551634;48.90364134
54;54130;Saint-Max;6.20984511;48.69792756
54;54200;Toul;5.8874822;48.67912085
54;54500;Vandœuvre-lès-Nancy;6.17290028;48.65966078
54;54190;Villerupt;5.93167471;49.47163295
55;55000;Bar-le-Duc;5.15729306;48.7739243
55;55000;Bar-le-Duc;5.16541093;48.78056843
55;55100;Verdun;5.38605945;49.16205149
56;56100;Lorient;-3.36602737;47.74680545
56;56000;Vannes;-2.76138505;47.66034353
57;57190;Florange;6.12457748;49.3260107
57;57600;Forbach;6.9017596;49.188874
57;57800;Freyming-Merlebach;6.81402392;49.1433555
57;57300;Hagondange;6.16462105;49.25426536
57;57700;Hayange;6.06609247;49.32862079
57;57000;Metz;6.17401144;49.12541985
57;57000;Metz;6.17549366;49.09996974
57;57000;Metz;6.22992115;49.11825317
57;57950;Montigny-lès-Metz;6.15293326;49.10016348
57;57250;Moyeuvre-Grande;6.04521015;49.25168558
57;57120;Rombas;6.09452357;49.25296965
57;57500;Saint-Avold;6.70422789;49.10348902
57;57400;Sarrebourg;7.05203983;48.73253986
57;57200;Sarreguemines;7.071307;49.10730437
57;57100;Thionville;6.16484736;49.36123903
57;57140;Woippy;6.16325625;49.14863874
57;57970;Yutz;6.18858744;49.34584746
58;58000;Nevers;3.15859025;46.99188977
59;59580;Aniche;3.25202723;50.33088385
59;59410;Anzin;3.5000833;50.37164211
59;59280;Armentières;2.88657028;50.68753942
59;59124;Escaudain;3.3448792;50.3377957
59;59190;Hazebrouck;2.54090778;50.72149176
59;59264;Onnaing;3.60327621;50.39333838
59;59270;Bailleul;2.73108619;50.73918506
59;59400;Cambrai;3.22643821;50.17435054
59;59163;Condé-sur-l'Escaut;3.59043404;50.44911225
59;59170;Croix;3.15290621;50.67714458
59;59220;Denain;3.39717727;50.32296921
59;59500;Douai;3.08528283;50.37649483
59;59282;Douchy-les-Mines;3.39543308;50.30214376
59;59140;Dunkerque;2.37602393;51.03828569
59;59820;Gravelines;2.1284321;50.98617348
59;59510;Hem;3.19037525;50.65571999
59;59110;La-Madeleine;3.06779815;50.65106481
59;59000;Lille;3.05025387;50.6151069
59;59000;Lille;3.01176776;50.6398107
59;59156;Lourches;3.35382873;50.31453848
59;59700;Marcq-en-Barœul;3.09218771;50.67299202
59;59770;Marly;3.54078174;50.35106905
59;59600;Maubeuge;3.96736125;50.27978531
59;59590;Raismes;3.48195867;50.39115949
59;59100;Roubaix;3.18611838;50.6901015
59;59100;Roubaix;3.17358092;50.7003946
59;59100;Roubaix;3.18279663;50.68184889
59;59230;Saint-Amand-les-Eaux;3.42795296;50.44956316
59;59490;Somain;3.28193664;50.35888337
59;59200;Tourcoing;3.16163049;50.72453453
59;59300;Valenciennes;3.52176241;50.35723761
59;59650;Villeneuve-d'Ascq;3.13253518;50.61926686
59;59135;Wallers;3.38962157;50.37337033
59;59290;Wasquehal;3.12769983;50.66937268
59;59139;Wattignies;3.04566547;50.58934166
59;59150;Wattrelos;3.21761208;50.70170206
60;60000;Beauvais;2.07227459;49.42442619
60;60200;Compiègne;2.81084771;49.40862365
60;60100;Creil;2.47588979;49.26132933
61;61000;Alençon;0.09280313;48.43231014
61;61200;Argentan;-0.02285741;48.74642925
61;61100;Flers;-0.56332344;48.75144558
62;62220;Carvin;2.95535702;50.48964777
62;62110;Hénin-Beaumont;2.95732132;50.42134154
62;62800;Liévin;2.77729529;50.42338363
62;62217;Achicourt;2.76442891;50.2734372
62;62000;Arras;2.76453267;50.29707471
62;62000;Arras;2.74647357;50.30236216
62;62260;Auchel;2.47605207;50.50189325
62;62138;Auchy-les-Mines;2.79706842;50.52220602
62;62210;Avion;2.82983928;50.41591057
62;62230;Outreau;1.58296855;50.70743709
62;62620;Barlin;2.6180423;50.45705897
62;62600;Berck;1.56594118;50.402797
62;62200;Boulogne-sur-Mer;1.60634931;50.72076328
62;62200;Boulogne-sur-Mer;1.60669155;50.73474036
62;62700;Bruay-la-Buissière;2.54541069;50.48265483
62;62400;Béthune;2.63587564;50.52943764
62;62100;Calais;1.85543313;50.95762391
62;62300;Lens;2.84293401;50.43143718
62;62540;Marles-les-Mines;2.51427669;50.50748916
62;62290;Nœux-les-Mines;2.6569373;50.4877102
62;62500;Saint-Omer;2.26181181;50.74883274
62;62223;Saint-Nicolas;2.77693891;50.30223921
62;62520;Le-Touquet-Paris-Plage;1.59406985;50.51937971
63;63400;Chamalières;3.06795003;45.77655761
63;63000;Clermont-Ferrand;3.10748172;45.78847644
63;63000;Clermont-Ferrand;3.08330231;45.77733632
63;63000;Clermont-Ferrand;3.09381674;45.76529624
63;63800;Cournon-d'Auvergne;3.20077435;45.74285031
63;63360;Gerzat;3.15557668;45.82822857
63;63200;Riom;3.11983763;45.89011934
64;64700;Hendaye;-1.78235302;43.35076509
64;64100;Bayonne;-1.48310976;43.49026861
64;64200;Biarritz;-1.55795661;43.48288414
64;64000;Pau;-0.37101718;43.30117328
64;64500;Saint-Jean-de-Luz;-1.65457612;43.39186149
65;65100;Lourdes;-0.04742068;43.09632502
65;65000;Tarbes;0.07620082;43.23360066
66;66000;Perpignan;2.88269506;42.6994031
66;66000;Perpignan;2.90203619;42.69703646
66;66000;Perpignan;2.88018597;42.70498343
66;66000;Perpignan;2.88749874;42.69812936
67;67540;Ostwald;7.71034082;48.54373266
67;67800;Bischheim;7.74739199;48.61429426
67;67500;Haguenau;7.79293288;48.81550439
67;67800;Hœnheim;7.7610293;48.62605493
67;67400;Illkirch-Graffenstaden;7.71090317;48.52838305
67;67380;Lingolsheim;7.68941051;48.55376883
67;67300;Schiltigheim;7.74863477;48.60592894
67;67600;Sélestat;7.43949037;48.26413059
67;67100;Strasbourg;7.75024735;48.5726915
67;67100;Strasbourg;7.71808065;48.6034924
67;67100;Strasbourg;7.70155259;48.59371236
67;67100;Strasbourg;7.71563702;48.57960515
67;67100;Strasbourg;7.75342885;48.54871326
67;67100;Strasbourg;7.76299515;48.56579135
67;67100;Strasbourg;7.77095631;48.54689147
68;68000;Colmar;7.36399054;48.08126787
68;68100;Mulhouse;7.33291037;47.76009092
68;68100;Mulhouse;7.32462347;47.77026761
68;68100;Mulhouse;7.31076912;47.74668153
68;68100;Mulhouse;7.3394425;47.74420988
68;68300;Saint-Louis;7.5707116;47.58782162
68;68270;Wittenheim;7.33973462;47.81046309
69;69130;Écully;4.77469704;45.77618945
69;69600;Oullins;4.80964104;45.71436464
69;69500;Bron;4.91299224;45.73221443
69;69300;Caluire-et-Cuire;4.84602969;45.79882889
69;69700;Givors;4.76865591;45.58557512
69;69001;Lyon 01;4.83784953;45.76827552
69;69002;Lyon 02;4.83067218;45.75097949
69;69003;Lyon 03;4.84595735;45.7570114
69;69004;Lyon 04;4.8305076;45.77459784
69;69005;Lyon 05;4.81323025;45.75662983
69;69007;Lyon 07;4.84156825;45.74646634
69;69008;Lyon 08;4.87282377;45.73409971
69;69009;Lyon 09;4.79786768;45.77661958
69;69330;Meyzieu;5.00521704;45.76400432
69;69140;Rillieux-la-Pape;4.90048005;45.81803061
69;69800;Saint-Priest;4.93758455;45.69377088
69;69120;Vaulx-en-Velin;4.92162237;45.776749
69;69400;Villefranche-sur-Saône;4.71654826;45.98920866
69;69100;Villeurbanne;4.88531706;45.76851585
69;69200;Vénissieux;4.88640332;45.69688188
70;70400;Héricourt;6.75588097;47.57466445
70;70000;Vesoul;6.15143055;47.62002791
71;71100;Chalon-sur-Saône;4.85102004;46.787852
71;71200;Le-Creusot;4.43058246;46.80959234
71;71000;Mâcon;4.82204578;46.29801993
71;71300;Montceau-les-Mines;4.36423761;46.66960149
72;72700;Allonnes;0.15395231;47.97175702
72;72190;Coulaines;0.19819406;48.02333368
72;72000;Le-Mans;0.20218004;47.99546026
72;72000;Le-Mans;0.22349039;47.99061719
72;72000;Le-Mans;0.21130235;47.98227344
73;73100;Aix-les-Bains;5.91131925;45.6898291
73;73200;Albertville;6.39173675;45.67463711
73;73000;Chambéry;5.91586077;45.57554805
74;74000;Annecy;6.13157402;45.89702272
74;74100;Annemasse;6.23903549;46.19790269
74;74960;Cran-Gevrier;6.10706589;45.90619681
74;74200;Thonon-les-Bains;6.47871938;46.36964285
75;75010;Paris 10;2.35267122;48.87687781
75;75011;Paris 11;2.37833346;48.85411821
75;75012;Paris 12;2.38146716;48.84428803
75;75013;Paris 13;2.3564379;48.83283141
75;75014;Paris 14;2.32341647;48.83619031
75;75015;Paris 15;2.30228186;48.83992208
75;75016;Paris 16;2.2689447;48.85400352
75;75017;Paris 17;2.32230101;48.88514452
75;75018;Paris 18;2.34819886;48.88965839
75;75019;Paris 19;2.38623042;48.88428431
75;75001;Paris 01;2.34821014;48.86167791
75;75020;Paris 20;2.39729169;48.86506159
75;75002;Paris 02;2.34370891;48.86905917
75;75003;Paris 03;2.35204609;48.86318664
75;75004;Paris 04;2.3672448;48.85089584
75;75005;Paris 05;2.34722738;48.84669521
75;75006;Paris 06;2.33271502;48.85055637
75;75007;Paris 07;2.31150214;48.86189322
75;75008;Paris 08;2.31257732;48.8672839
75;75009;Paris 09;2.33967334;48.87355761
76;76500;Elbeuf;1.0039656;49.29280318
76;76700;Harfleur;0.19944083;49.50539817
76;76230;Bois-Guillaume;1.12547925;49.46856576
76;76210;Bolbec;0.47140957;49.56916868
76;76380;Canteleu;1.03475887;49.44874393
76;76160;Darnétal;1.14562977;49.4391837
76;76200;Dieppe;1.08149479;49.92227982
76;76400;Fécamp;0.3801569;49.75640764
76;76530;Grand-Couronne;1.00887554;49.35747532
76;76120;Le-Grand-Quevilly;1.04715696;49.40983074
76;76600;Le-Havre;0.12031169;49.49234453
76;76600;Le-Havre;0.09905016;49.49623317
76;76600;Le-Havre;0.17415399;49.51298347
76;76600;Le-Havre;0.14153755;49.48999987
76;76600;Le-Havre;0.11516036;49.52141635
76;76140;Le-Petit-Quevilly;1.06248081;49.42996597
76;76170;Lillebonne;0.53520485;49.52091824
76;76150;Maromme;1.0427699;49.48114931
76;76290;Montivilliers;0.18831211;49.54538595
76;76350;Oissel;1.09942674;49.34113535
76;76000;Rouen;1.08047829;49.43453944
76;76000;Rouen;1.09928271;49.44837581
76;76000;Rouen;1.13421366;49.46197195
76;76800;Saint-Étienne-du-Rouvray;1.10467804;49.3808711
76;76300;Sotteville-lès-Rouen;1.0912911;49.41708702
77;77170;Brie-Comte-Robert;2.60886662;48.693184
77;77420;Champs-sur-Marne;2.6028793;48.85229909
77;77500;Chelles;2.59770423;48.87937791
77;77700;Chessy;2.78624079;48.86103859
77;77380;Combs-la-Ville;2.56320556;48.65810924
77;77120;Coulommiers;3.08665521;48.81343594
77;77190;Dammarie-les-Lys;2.6284773;48.51828137
77;77300;Fontainebleau;2.7006464;48.40632046
77;77400;Lagny-sur-Marne;2.70477865;48.8760607
77;77040;Lognes;2.63239983;48.83763878
77;77100;Meaux;2.8916533;48.95513027
77;77000;Melun;2.66063697;48.54289959
77;77350;Le-Mée-sur-Seine;2.62583071;48.54120346
77;77550;Moissy-Cramayel;2.57375345;48.6274535
77;77130;Montereau-Fault-Yonne;2.95540682;48.39667193
77;77130;Montereau-Fault-Yonne;2.95504844;48.37997799
77;77250;Moret-sur-Loing;2.81137938;48.37455164
77;77140;Nemours;2.70351694;48.26751849
77;77186;Noisiel;2.61672323;48.84712932
77;77330;Ozoir-la-Ferrière;2.67354351;48.76113353
77;77680;Roissy-en-Brie;2.64971561;48.79016094
77;77340;Pontault-Combault;2.6052271;48.79891894
77;77160;Provins;3.29985129;48.56225119
77;77176;Savigny-le-Temple;2.58255644;48.5955442
77;77200;Torcy;2.65299789;48.85076398
77;77270;Villeparisis;2.61187299;48.94222551
78;78990;Élancourt;1.94879022;48.76564773
78;78700;Conflans-Sainte-Honorine;2.09374859;48.99336973
78;78330;Fontenay-le-Fleury;2.04726415;48.81100477
78;78280;Guyancourt;2.0514478;48.7862393
78;78800;Houilles;2.18588652;48.92573098
78;78170;La-Celle-Saint-Cloud;2.13771071;48.84889737
78;78600;Maisons-Laffitte;2.14483051;48.94640272
78;78200;Mantes-la-Jolie;1.70035092;48.99100722
78;78160;Marly-le-Roi;2.09640118;48.86814078
78;78370;Plaisir;1.96229209;48.8187495
78;78300;Poissy;2.04345187;48.92672351
78;78120;Rambouillet;1.82367858;48.64838861
78;78100;Saint-Germain-en-Laye;2.09345071;48.89983939
78;78500;Sartrouville;2.16092943;48.93761449
78;78190;Trappes;1.98519873;48.77633897
78;78140;Vélizy-Villacoublay;2.17540327;48.78286904
78;78000;Versailles;2.13436214;48.80147557
78;78130;Les-Mureaux;1.91123086;48.99756202
78;78110;Le-Vésinet;2.1436039;48.89240731
79;79000;Niort;-0.46502876;46.32440337
79;79100;Thouars;-0.22241464;46.98307788
80;80100;Abbeville;1.83586264;50.10610899
80;80000;Amiens;2.29775928;49.89630659
80;80000;Amiens;2.30783136;49.89101805
80;80000;Amiens;2.34236433;49.87769329
80;80000;Amiens;2.30053862;49.90984832
80;80000;Amiens;2.25059263;49.91528761
80;80480;Salouël;2.23686676;49.86839433
81;81000;Albi;2.15324502;43.93011405
81;81400;Carmaux;2.15385425;44.05193919
81;81100;Castres;2.24508607;43.6041632
81;81200;Mazamet;2.3761602;43.49466158
82;82100;Castelsarrasin;1.10800914;44.03971881
82;82000;Montauban;1.36029742;44.01889024
83;83400;Hyères;6.1086012;43.11857618
83;83300;Draguignan;6.46360907;43.53980996
83;83600;Fréjus;6.7471808;43.42908606
83;83500;La-Seyne-sur-Mer;5.8817291;43.10156956
83;83110;Sanary-sur-Mer;5.80131944;43.11899253
83;83000;Toulon;5.92767451;43.12542507
84;84000;Avignon;4.79949874;43.94331399
84;84000;Avignon;4.87275339;43.93501141
84;84100;Orange;4.80000377;44.13616636
84;84200;Carpentras;5.0457623;44.05332093
84;84300;Cavaillon;5.03615968;43.83450782
84;84170;Monteux;4.99519498;44.03426919
85;85000;La-Roche-sur-Yon;-1.42606582;46.66802092
85;85100;Les-Sables-d'Olonne;-1.77710715;46.49783317
86;86100;Châtellerault;0.54727459;46.81740592
86;86000;Poitiers;0.33815446;46.58198351
87;87000;Limoges;1.25280796;45.84413081
88;88000;Épinal;6.44695831;48.17899727
88;88200;Remiremont;6.5903;48.01577641
88;88100;Saint-Dié-des-Vosges;6.9401133;48.28754964
89;89000;Auxerre;3.57802585;47.79334011
89;89100;Sens;3.29836914;48.19467567
90;90000;Belfort;6.86234414;47.63927518
91;91290;Arpajon;2.24475651;48.58798445
91;91200;Athis-Mons;2.38245962;48.70836532
91;91150;Étampes;2.16399532;48.43748959
91;91000;Évry;2.44316804;48.62754203
91;91800;Brunoy;2.50550958;48.6946378
91;91100;Corbeil-Essonnes;2.47525691;48.60985731
91;91210;Draveil;2.40711048;48.68607351
91;91260;Juvisy-sur-Orge;2.3776947;48.69161333
91;91940;Les-Ulis;2.16992865;48.68379201
91;91160;Longjumeau;2.29650363;48.69557002
91;91300;Massy;2.27212608;48.7304094
91;91230;Montgeron;2.46390687;48.70220071
91;91120;Palaiseau;2.25070214;48.71370275
91;91700;Sainte-Geneviève-des-Bois;2.33775619;48.63131495
91;91600;Savigny-sur-Orge;2.33743902;48.69197992
92;92160;Antony;2.29755329;48.76059446
92;92600;Asnières-sur-Seine;2.28738026;48.90649847
92;92220;Bagneux;2.30657766;48.79391589
92;92100;Boulogne-Billancourt;2.24070468;48.83531943
92;92290;Châtenay-Malabry;2.27708954;48.76706328
92;92140;Clamart;2.26329977;48.80053845
92;92110;Clichy;2.30526397;48.90405779
92;92700;Colombes;2.25860136;48.92182318
92;92400;Courbevoie;2.25159621;48.89422109
92;92230;Gennevilliers;2.29224727;48.9246654
92;92130;Issy-les-Moulineaux;2.27016221;48.8232882
92;92800;Puteaux;2.24194373;48.88992392
92;92250;La-Garenne-Colombes;2.24054488;48.90614912
92;92300;Levallois-Perret;2.2899304;48.8938951
92;92190;Meudon;2.23949683;48.81021026
92;92120;Montrouge;2.31351667;48.81585675
92;92000;Nanterre;2.20518352;48.89264783
92;92200;Neuilly-sur-Seine;2.25930473;48.8873838
92;92800;Puteaux;2.23737068;48.88348905
92;92500;Rueil-Malmaison;2.17813271;48.87318928
92;92210;Saint-Cloud;2.22014364;48.84545003
92;92150;Suresnes;2.22535942;48.86847124
92;92310;Sèvres;2.20976807;48.82327194
92;92170;Vanves;2.28710878;48.81887317
92;92390;Villeneuve-la-Garenne;2.33143149;48.93147822
93;93300;Aubervilliers;2.38758623;48.9147017
93;93600;Aulnay-sous-Bois;2.50034355;48.92721175
93;93000;Bobigny;2.45043715;48.91006047
93;93140;Bondy;2.48599629;48.90174946
93;93390;Clichy-sous-Bois;2.54859554;48.90494801
93;93700;Drancy;2.44444369;48.92169105
93;93800;Épinay-sur-Seine;2.31217813;48.95217246
93;93220;Gagny;2.53143314;48.88375063
93;93120;La-Courneuve;2.39059266;48.92817302
93;93190;Livry-Gargan;2.53706377;48.91893572
93;93100;Montreuil;2.44241697;48.86423783
93;93330;Neuilly-sur-Marne;2.52643301;48.85540676
93;93160;Noisy-le-Grand;2.55311711;48.84891925
93;93130;Noisy-le-Sec;2.45834423;48.88800466
93;93500;Pantin;2.40179896;48.89660929
93;93110;Rosny-sous-Bois;2.48625185;48.87659007
93;93200;Saint-Denis;2.35405009;48.94018955
93;93400;Saint-Ouen;2.33778544;48.90695079
93;93240;Stains;2.38186864;48.9604142
93;93420;Villepinte;2.55272277;48.96036389
93;93200;Saint-Denis;2.36208928;48.9153843
93;93260;Les-Lilas;2.41500189;48.88238375
93;93150;Le-Blanc-Mesnil;2.46400856;48.93928376
93;93340;Le-Raincy;2.51091862;48.89110368
94;94140;Alfortville;2.41304098;48.80535583
94;94470;Boissy-Saint-Léger;2.50352931;48.75352778
94;94500;Champigny-sur-Marne;2.55052479;48.80695848
94;94220;Charenton-le-Pont;2.41068074;48.82241074
94;94430;Chennevières-sur-Marne;2.53177079;48.79889258
94;94600;Choisy-le-Roi;2.40603644;48.7639273
94;94000;Créteil;2.45969001;48.77421155
94;94120;Fontenay-sous-Bois;2.47577457;48.84915268
94;94200;Ivry-sur-Seine;2.3908363;48.81431889
94;94240;L'Haÿ-les-Roses;2.33104227;48.77741158
94;94700;Maisons-Alfort;2.43733271;48.80418974
94;94130;Nogent-sur-Marne;2.48287689;48.83615675
94;94100;Saint-Maur-des-Fossés;2.48972365;48.79569428
94;94190;Villeneuve-Saint-Georges;2.44680784;48.73619932
94;94300;Vincennes;2.43817949;48.84650583
94;94400;Vitry-sur-Seine;2.39301014;48.78439245
94;94270;Le-Kremlin-Bicêtre;2.34565612;48.80581534
95;95100;Argenteuil;2.25527895;48.94509256
95;95880;Enghien-les-Bains;2.30778911;48.96920967
95;95120;Ermont;2.24785125;48.98991641
95;95220;Herblay;2.16362982;48.98963924
95;95870;Bezons;2.2144014;48.928839
95;95000;Cergy;2.08483762;49.03807466
95;95170;Deuil-la-Barre;2.31852676;48.96770793
95;95130;Franconville;2.22746372;48.98488801
95;95140;Garges-lès-Gonesse;2.39927854;48.97155857
95;95500;Gonesse;2.44833168;48.98448833
95;95190;Goussainville;2.45212981;49.03003151
95;95280;Jouy-le-Moutier;2.02492162;49.0201333
95;95200;Sarcelles;2.36901598;48.97789009
95;95150;Taverny;2.23292584;49.02320496
95;95400;Villiers-le-Bel;2.40618683;49.0017651
971;97100;Basse-Terre;-61.72870082;15.99229226
971;97130;Capesterre-Belle-Eau;-61.56288643;16.04558245
971;97139;Les-Abymes;-61.524151;16.2422137
972;97200;Fort-de-France;-61.07006285;14.60618203
972;97232;Le-Lamentin;-60.99461853;14.61906045
973;97300;Cayenne;-52.33276423;4.93852317
974;97432;Saint-Pierre;55.468294;-21.285163
974;97420;Le-Port;55.29073932;-20.93735884
974;97440;Saint-André;55.65216079;-20.96147406
974;97400;Saint-Denis;55.45216642;-20.88659731
974;97410;Saint-Pierre;55.46829889;-21.342949
974;97490;Saint-Denis;55.487561;-20.901431
976;97600;Mamoudzou;45.22796;-12.77975
987;98713;Papeete;-149.570765;-17.54314
988;98800;Nouméa;166.44364;-22.27462
988;98800;Nouméa;166.46397;-22.27007
988;98800;Nouméa;166.46386;-22.23335
988;98800;Nouméa;166.457;-22.25305
988;98800;Nouméa;166.45292;-22.28784